Department,Name,MODEL,SERIAL,MANUFACTURER,LOG_Number,Installation_Date,Warranty_End,PPM_Q_I_date,PPM_Q_I_engineer,PPM_Q_II_engineer,PPM_Q_III_engineer,PPM_Q_IV_engineer
Dep1,Name1,Model1,1,Manu1,2,15/01/2024,20/03/2024,22/07/2025,Eng1,Eng2,Eng3,Eng4
Dep2,Name2,Model2,2,Manu2,3,15/01/2025,20/03/2025,22/07/2026,Eng2,Eng3,Eng4,Eng5
Dep3,Name3,Model3,3,Manu3,4,15/01/2026,20/03/2026,22/07/2027,Eng3,Eng4,Eng5,Eng6
Dep4,Name4,Model4,4,Manu4,5,15/01/2027,20/03/2027,22/07/2028,Eng4,Eng5,Eng6,Eng7
Dep5,Name5,Model5,5,Manu5,6,15/01/2028,20/03/2028,22/07/2029,Eng5,Eng6,Eng7,Eng8
Dep6,Name6,Model6,6,Manu6,7,15/01/2029,20/03/2029,22/07/2030,Eng6,Eng7,Eng8,Eng9
Dep7,Name7,Model7,7,Manu7,8,15/01/2030,20/03/2030,22/07/2031,Eng7,Eng8,Eng9,Eng10
Dep8,Name8,Model8,8,Manu8,9,15/01/2031,20/03/2031,22/07/2032,Eng8,Eng9,Eng10,Eng11
Dep9,Name9,Model9,9,Manu9,10,15/01/2032,20/03/2032,22/07/2033,Eng9,Eng10,Eng11,Eng12
Dep10,Name10,Model10,10,Manu10,11,15/01/2033,20/03/2033,22/07/2034,Eng10,Eng11,Eng12,Eng13
Dep11,Name11,Model11,11,Manu11,12,15/01/2034,20/03/2034,22/07/2035,Eng11,Eng12,Eng13,Eng14
Dep12,Name12,Model12,12,Manu12,13,15/01/2035,20/03/2035,22/07/2036,Eng12,Eng13,Eng14,Eng15
Dep13,Name13,Model13,13,Manu13,14,15/01/2036,20/03/2036,22/07/2037,Eng13,Eng14,Eng15,Eng16
Dep14,Name14,Model14,14,Manu14,15,15/01/2037,20/03/2037,22/07/2038,Eng14,Eng15,Eng16,Eng17
Dep15,Name15,Model15,15,Manu15,16,15/01/2038,20/03/2038,22/07/2039,Eng15,Eng16,Eng17,Eng18
